{
    "loss": 0.5589773058891296,
    "accuracy": 0.9482758641242981
}