{
    "loss": 0.5211430191993713,
    "accuracy": 0.9482758641242981
}